Ticker,Name
CZR,CAESARS ENTERTAINMENT INC
PENN,PENN NATIONAL GAMING INC
PLUG,PLUG POWER INC
MRTX,MIRATI THERAPEUTICS INC
RARE,ULTRAGENYX PHARMACEUTICAL INC
DAR,DARLING INGREDIENTS INC
RUN,SUNRUN INC
DECK,DECKERS OUTDOOR CORP
NVAX,NOVAVAX INC
ARWR,ARROWHEAD PHARMACEUTICALS INC
CHDN,CHURCHILL DOWNS INC
IIVI,II VI INC
LAD,LITHIA MOTORS INC CLASS A
NTRA,NATERA INC
FATE,FATE THERAPEUTICS INC
RH,RH
NVTA,INVITAE CORP
BPMC,BLUEPRINT MEDICINES CORP
BL,BLACKLINE INC
TTEK,TETRA TECH INC
SITE,SITEONE LANDSCAPE SUPPLY INC
LHCG,LHC GROUP INC
PFGC,PERFORMANCE FOOD GROUP
QTWO,Q2 HOLDINGS INC
RDFN,REDFIN CORP
LSCC,LATTICE SEMICONDUCTOR CORP
FOLD,AMICUS THERAPEUTICS INC
HALO,HALOZYME THERAPEUTICS INC
BLD,TOPBUILD CORP
YETI,YETI HOLDINGS INC
NVRO,NEVRO CORP
HELE,HELEN OF TROY LTD
APPN,APPIAN CORP CLASS A
VAC,MARRIOTT VACATIONS WORLDWIDE CORP
CLF,CLEVELAND CLIFFS INC
NEO,NEOGENOMICS INC
SSB,SOUTH STATE CORP
SLAB,SILICON LABORATORIES INC
IRTC,IRHYTHM TECHNOLOGIES INC
BRKS,BROOKS AUTOMATION INC
INSP,INSPIRE MEDICAL SYSTEMS INC
BJ,BJS WHOLESALE CLUB HOLDINGS INC
EGP,EASTGROUP PROPERTIES REIT INC
FRPT,FRESHPET INC
TXRH,TEXAS ROADHOUSE INC
DNLI,DENALI THERAPEUTICS INC
KNSL,KINSALE CAPITAL GROUP INC
SF,STIFEL FINANCIAL CORP
OMCL,OMNICELL INC
EME,EMCOR GROUP INC
HQY,HEALTHEQUITY INC
BEPC,BROOKFIELD RENEWABLE SUBORDINATE V
SAIA,SAIA INC
ESNT,ESSENT GROUP LTD
TGTX,TG THERAPEUTICS INC
RXN,REXNORD CORP
TWST,TWIST BIOSCIENCE CORP
FFIN,FIRST FINANCIAL BANKSHARES INC
STAG,STAG INDUSTRIAL REIT INC
JCOM,J2 GLOBAL INC
SMTC,SEMTECH CORP
ACIW,ACI WORLDWIDE INC
RAMP,LIVERAMP HOLDINGS INC
LPX,LOUISIANA PACIFIC CORP
BBIO,BRIDGEBIO PHARMA INC
MMS,MAXIMUS INC
EXPO,EXPONENT INC
ENV,ENVESTNET INC
ROLL,RBC BEARINGS INC
TPTX,TURNING POINT THERAPEUTICS INC
SAIL,SAILPOINT TECHNOLOGIES HOLDINGS IN
THC,TENET HEALTHCARE CORP
POWI,POWER INTEGRATIONS INC
AA,ALCOA CORP
ASGN,ASGN INC
GBCI,GLACIER BANCORP INC
VRNS,VARONIS SYSTEMS INC
CCMP,CMC MATERIALS INC
NEOG,NEOGEN CORP
BHVN,BIOHAVEN PHARMACEUTICAL HOLDING CO
OGS,ONE GAS INC
CROX,CROCS INC
BLDR,BUILDERS FIRSTSOURCE INC
NOVT,NOVANTA INC
GTLS,CHART INDUSTRIES INC
HASI,HANNON ARMSTRONG SUSTAINABLE INFRA
WMS,ADVANCED DRAINAGE SYSTEMS INC
KOD,KODIAK SCIENCES INC
KBR,KBR INC
INSM,INSMED INC
OVV,OVINTIV INC
ARNA,ARENA PHARMACEUTICALS INC
PTCT,PTC THERAPEUTICS INC
X,US STEEL CORP
FOXF,FOX FACTORY HOLDING CORP
RLI,RLI CORP
PRLB,PROTO LABS INC
HR,HEALTHCARE REALTY TRUST REIT INC
IRDM,IRIDIUM COMMUNICATIONS INC
SIGI,SELECTIVE INSURANCE GROUP INC
SSD,SIMPSON MANUFACTURING INC
PNM,PNM RESOURCES INC
WING,WINGSTOP INC
EDIT,EDITAS MEDICINE INC
BXMT,BLACKSTONE MORTGAGE TRUST REIT CLA
VLY,VALLEY NATIONAL
MEDP,MEDPACE HOLDINGS INC
MTZ,MASTEC INC
RDN,RADIAN GROUP INC
UBSI,UNITED BANKSHARES INC
CIT,CIT GROUP INC
VRNT,VERINT SYSTEMS INC
JBT,JOHN BEAN TECHNOLOGIES CORP
POR,PORTLAND GENERAL ELECTRIC
EBS,EMERGENT BIOSOLUTIONS INC
DOC,PHYSICIANS REALTY TRUST REIT
TRNO,TERRENO REALTY REIT CORP
BKH,BLACK HILLS CORP
AEIS,ADVANCED ENERGY INDUSTRIES INC
ALRM,ALARM.COM HOLDINGS INC
ENSG,ENSIGN GROUP INC
CNNE,CANNAE HOLDINGS INC
WCC,WESCO INTERNATIONAL INC
ENS,ENERSYS
STAA,STAAR SURGICAL
RPD,RAPID7 INC
SBRA,SABRA HEALTH CARE REIT INC
HLI,HOULIHAN LOKEY INC CLASS A
APPS,DIGITAL TURBINE INC
LPSN,LIVEPERSON INC
BCPC,BALCHEM CORP
QTS,QTS REALTY REIT INC TRUST CLASS A
EYE,NATIONAL VISION HOLDINGS INC
WDFC,WD-40
WSC,WILLSCOT MOBILE MINI HOLDINGS CORP
AVNT,AVIENT CORP
SWX,SOUTHWEST GAS HOLDINGS INC
PACB,PACIFIC BIOSCIENCES OF CALIFORNIA
CDLX,CARDLYTICS INC
PRG,PROG HOLDINGS INC
BCO,BRINKS
ADC,AGREE REALTY REIT CORP
MUSA,MURPHY USA INC
FGEN,FIBROGEN INC
VC,VISTEON CORP
AIMC,ALTRA INDUSTRIAL MOTION CORP
IIPR,INNOVATIVE INDUSTRIAL PROPERTIES I
CBU,COMMUNITY BANK SYSTEM INC
SPSC,SPS COMMERCE INC
SFIX,STITCH FIX INC CLASS A
KWR,QUAKER CHEMICAL CORP
ITRI,ITRON INC
STMP,STAMPS.COM INC
BYD,BOYD GAMING CORP
CRNC,CERENCE INC
RHP,RYMAN HOSPITALITY PROPERTIES REIT
CDNA,CAREDX INC
FELE,FRANKLIN ELECTRIC INC
LANC,LANCASTER COLONY CORP
SR,SPIRE INC
BAND,BANDWIDTH INC CLASS A
CNO,CNO FINANCIAL GROUP INC
PRSP,PERSPECTA INC
UFPI,UFP INDUSTRIES INC
TMHC,TAYLOR MORRISON HOME CORP
UPWK,UPWORK INC
EGHT,8X8 INC
FORM,FORMFACTOR INC
MTH,MERITAGE CORP
QLYS,QUALYS INC
M,MACYS INC
TNET,TRINET GROUP INCINARY
AJRD,AEROJET ROCKETDYNE HOLDINGS INC
CBRL,CRACKER BARREL OLD COUNTRY STORE I
WTS,WATTS WATER TECHNOLOGIES INC CLASS
NJR,NEW JERSEY RESOURCES CORP
AMN,AMN HEALTHCARE INC
VCYT,VERACYTE INC
TGNA,TEGNA INC
LCII,LCI INDUSTRIES
KMT,KENNAMETAL INC
PCH,POTLATCHDELTIC CORP
NSP,INSPERITY INC
WK,WORKIVA INC CLASS A
VG,VONAGE HOLDINGS CORP
ALE,ALLETE INC
ADNT,ADIENT PLC
VIAV,VIAVI SOLUTIONS INC
ORA,ORMAT TECH INC
SXT,SENSIENT TECHNOLOGIES CORP
TRUP,TRUPANION INC
MMSI,MERIT MEDICAL SYSTEMS INC
ONEM,1LIFE HEALTHCARE INC
KBH,KB HOME
SHAK,SHAKE SHACK INC CLASS A
UNF,UNIFIRST CORP
ARNC,ARCONIC CORP
CCXI,CHEMOCENTRYX INC
HOMB,HOME BANCSHARES INC
TCBI,TEXAS CAPITAL BANCSHARES INC
AIT,APPLIED INDUSTRIAL TECHNOLOGIES IN
UMBF,UMB FINANCIAL CORP
LIVN,LIVANOVA PLC
AEO,AMERICAN EAGLE OUTFITTERS INC
GATX,GATX CORP
NGVT,INGEVITY CORP
TRTN,TRITON INTERNATIONAL LTD
BKU,BANKUNITED INC
FCFS,FIRSTCASH INC
AMBA,AMBARELLA INC
ALLK,ALLAKOS INC
KTOS,KRATOS DEFENSE AND SECURITY SOLUTI
LXP,LEXINGTON REALTY TRUST REIT
FHI,FEDERATED HERMES INC CLASS B
SAFM,SANDERSON FARMS INC
DIOD,DIODES INC
NWE,NORTHWESTERN CORP
NHI,NATIONAL HEALTH INVESTORS REIT INC
GKOS,GLAUKOS CORP
APLS,APELLIS PHARMACEUTICALS INC
AWR,AMERICAN STATES WATER
HI,HILLENBRAND INC
CMD,CANTEL MEDICAL CORP
ROG,ROGERS CORP
CNMD,CONMED CORP
BXS,BANCORPSOUTH
EXLS,EXLSERVICE HOLDINGS INC
HMSY,HMS HOLDINGS CORP
PZZA,PAPA JOHNS INTERNATIONAL INC
SVMK,SVMK INC
SEM,SELECT MEDICAL HOLDINGS CORP
APPF,APPFOLIO INC CLASS A
BEAM,BEAM THERAPEUTICS INC
DAN,DANA INCORPORATED INC
ABG,ASBURY AUTOMOTIVE GROUP INC.
BLKB,BLACKBAUD INC
ACIA,ACACIA COMMUNICATIONS INC
MIME,MIMECAST LTD
GDOT,GREEN DOT CORP CLASS A
ABM,ABM INDUSTRIES INC
CWST,CASELLA WASTE SYSTEMS INC CLASS A
SWAV,SHOCKWAVE MEDICAL INC
PSB,PS BUSINESS PARKS REIT INC
SYNA,SYNAPTICS INC
SHOO,STEVEN MADDEN LTD
FUL,HB FULLER
CSOD,CORNERSTONE ONDEMAND INC
NTLA,INTELLIA THERAPEUTICS INC
PDCO,PATTERSON COMPANIES INC
APAM,ARTISAN PARTNERS ASSET MANAGEMENT
ACA,ARCOSA INC
AVA,AVISTA CORP
HWC,HANCOCK WHITNEY CORP
HL,HECLA MINING
TENB,TENABLE HOLDINGS INC
ESE,ESCO TECHNOLOGIES INC
NSTG,NANOSTRING TECHNOLOGIES INC
AAON,AAON INC
DORM,DORMAN PRODUCTS INC
ONB,OLD NATIONAL BANCORP
CWT,CALIFORNIA WATER SERVICE GROUP
CVET,COVETRUS INC
MGEE,MGE ENERGY INC
ITGR,INTEGER HOLDINGS CORP
BMI,BADGER METER INC
VSH,VISHAY INTERTECHNOLOGY INC
CHX,CHAMPIONX CORP
PFSI,PENNYMAC FINANCIAL SERVICES INC
AUB,ATLANTIC UNION BANKSHARES CORP
ABCB,AMERIS BANCORP
HGV,HILTON GRAND VACATIONS INC
CVBF,CVB FINANCIAL CORP
SCL,STEPAN
KURA,KURA ONCOLOGY INC
CLDR,CLOUDERA INC
CWEN,CLEARWAY ENERGY INC CLASS C
REZI,RESIDEO TECHNOLOGIES INC
FN,FABRINET
NSIT,INSIGHT ENTERPRISES INC
PRMW,PRIMO WATER CORP
APG,API GROUP CORP
CCOI,COGENT COMMUNICATIONS HOLDINGS INC
MATX,MATSON INC
MOG-A,MOOG INC CLASS A
CARG,CARGURUS INC CLASS A
WWW,WOLVERINE WORLD WIDE INC
FLOW,SPX FLOW INC
WERN,WERNER ENTERPRISES INC
EAT,BRINKER INTERNATIONAL INC
BBBY,BED BATH AND BEYOND INC
INDB,INDEPENDENT BANK CORP
PCRX,PACIRA BIOSCIENCES INC
KAR,KAR AUCTION SERVICES INC
CORT,CORCEPT THERAPEUTICS INC
MDC,MDC HOLDINGS INC
EVTC,EVERTEC INC
BOX,BOX INC CLASS A
ISBC,INVESTORS BANCORP INC
LGIH,LGI HOMES INC
ESGR,ENSTAR GROUP LTD
PEB,PEBBLEBROOK HOTEL TRUST REIT
LTHM,LIVENT CORP
DY,DYCOM INDUSTRIES INC
ALTR,ALTAIR ENGINEERING INC CLASS A
XNCR,XENCOR INC
WD,WALKER & DUNLOP INC
CNX,CNX RESOURCES CORP
TEX,TEREX CORP
GT,GOODYEAR TIRE & RUBBER
CMC,COMMERCIAL METALS
SHO,SUNSTONE HOTEL INVESTORS REIT INC
MC,MOELIS CLASS A
OSTK,OVERSTOCK COM INC
NG,NOVAGOLD RESOURCES INC
FLR,FLUOR CORP
SPXC,SPX CORP
NUVA,NUVASIVE INC
PPBI,PACFIC PREMIER BANCORP INC
B,BARNES GROUP INC
CATY,CATHAY GENERAL BANCORP
RCM,R1 RCM INC
SJI,S JERSEY INDS INC
SAVE,SPIRIT AIRLINES INC
NGHC,NATIONAL GENERAL HOLDINGS CORP
AEL,AMERICAN EQUITY INVESTMENT LIFE HO
COLB,COLUMBIA BANKING SYSTEM INC
MDRX,ALLSCRIPTS HEALTHCARE SOLUTIONS IN
KFY,KORN FERRY
DOOR,MASONITE INTERNATIONAL CORP
BRC,BRADY NONVOTING CORP CLASS A
STRA,STRATEGIC EDUCATION INC
SGMS,SCIENTIFIC GAMES CORP
ALGT,ALLEGIANT TRAVEL
JJSF,J AND J SNACK FOODS CORP
CLNY,COLONY CAPITAL INC CLASS A
MAXR,MAXAR TECHNOLOGIES INC
MTSI,MACOM TECHNOLOGY SOLUTIONS INC
AVNS,AVANOS MEDICAL INC
ROCK,GIBRALTAR INDUSTRIES INC
IBTX,INDEPENDENT BANK GROUP INC
KTB,KONTOOR BRANDS INC
HLNE,HAMILTON LANE INC CLASS A
MLHR,HERMAN MILLER INC
ONTO,ONTO INNOVATION INC
MANT,MANTECH INTERNATIONAL CORP CLASS A
SNBR,SLEEP NUMBER CORP
SUM,SUMMIT MATERIALS INC CLASS A
MSTR,MICROSTRATEGY INC CLASS A
PLXS,PLEXUS CORP
NAV,NAVISTAR INTERNATIONAL CORP
GNW,GENWORTH FINANCIAL A INC
AXSM,AXSOME THERAPEUTICS INC
AIN,ALBANY INTERNATIONAL CORP CLASS A
BIPC,BROOKFIELD INFRASTRUCTURE CORP CLA
RLJ,RLJ LODGING TRUST REIT
BE,BLOOM ENERGY CLASS A CORP
CVLT,COMMVAULT SYSTEMS INC
TPH,TRI POINTE GROUP INC
SANM,SANMINA CORP
AQUA,EVOQUA WATER TECHNOLOGIES CORP
WSFS,WSFS FINANCIAL CORP
SHEN,SHENANDOAH TELECOMMUNICATIONS
EPAY,BOTTOMLINE TECHNOLOGIES INC
NSA,NATIONAL STORAGE AFFILIATES TRUST
MTX,MINERALS TECHNOLOGIES INC
IBP,INSTALLED BUILDING PRODUCTS INC
SKYW,SKYWEST INC
FULT,FULTON FINANCIAL CORP
ELY,CALLAWAY GOLF
SMPL,THE SIMPLY GOOD FOODS COMPANY
UNIT,UNITI GROUP INC
REGI,RENEWABLE ENERGY INC
GPI,GROUP AUTOMOTIVE INC
KW,KENNEDY WILSON HOLDINGS INC
COOP,MR COOPER GROUP INC
CMP,COMPASS MINERALS INTERNATIONAL INC
SWN,SOUTHWESTERN ENERGY
ATI,ALLEGHENY TECHNOLOGIES INC
CTRE,CARETRUST REIT INC
SFNC,SIMMONS FIRST NATIONAL CORP CLASS
XPER,XPERI HOLDING CORP
IOSP,INNOSPEC INC
YELP,YELP INC
SDGR,SCHRODINGER INC
MED,MEDIFAST INC
AX,AXOS FINANCIAL INC
FWRD,FORWARD AIR CORP
BECN,BEACON ROOFING SUPPLY INC
NOVA,SUNNOVA ENERGY INTERNATIONAL INC
ATKR,ATKORE INTERNATIONAL GROUP INC
DCPH,DECIPHERA PHARMACEUTICALS INC
MGNI,MAGNITE INC
CDE,COEUR MINING INC
PDM,PIEDMONT OFFICE REALTY TRUST REIT
MXL,MAXLINEAR INC
IRBT,IROBOT CORP
CAR,AVIS BUDGET GROUP INC
FCPT,FOUR CORNERS PROPERTY INC TRUST
ATRC,ATRICURE INC
WKHS,WORKHORSE GROUP INC
RCKT,ROCKET PHARMACEUTICALS INC
THRM,GENTHERM INC
JACK,JACK IN THE BOX INC
CIM,CHIMERA INVESTMENT CORP
RMBS,RAMBUS INC
PSMT,PRICESMART INC
BEAT,BIOTELEMETRY INC
FSS,FEDERAL SIGNAL CORP
EPC,EDGEWELL PERSONAL CARE
WSBC,WESBANCO INC
PRAA,PRA GROUP INC
UCBI,UNITED COMMUNITY BANKS INC
SFBS,SERVISFIRST BANCSHARES INC
CUB,CUBIC CORP
PDCE,PDC ENERGY INC
FRME,FIRST MERCHANTS CORP
SVC,SERVICE PROPERTIES TRUST
CTB,COOPER TIRE AND RUBBER
NMIH,NMI HOLDINGS INC CLASS A
INT,WORLD FUEL SERVICES CORP
WAFD,WASHINGTON FEDERAL INC
HUBG,HUB GROUP INC CLASS A
MTOR,MERITOR INC
MLI,MUELLER INDUSTRIES INC
MWA,MUELLER WATER PRODUCTS INC SERIES
IBOC,INTERNATIONAL BANCSHARES CORP
PRGS,PROGRESS SOFTWARE CORP
RPAI,RETAIL PROPERTIES OF AMERICA REIT
MGLN,MAGELLAN HEALTH INC
WRE,WASHINGTON REAL ESTATE INVESTMENT
IDCC,INTERDIGITAL INC
IRWD,IRONWOOD PHARMA INC CLASS A
HTH,HILLTOP HOLDINGS INC
FBP,FIRST BANCORP
BGS,B AND G FOODS INC
EPRT,ESSENTIAL PROPERTIES REALTY TRUST
WOR,WORTHINGTON INDUSTRIES INC
BDC,BELDEN INC
PBH,PRESTIGE CONSUMER HEALTHCARE INC
FIX,COMFORT SYSTEMS USA INC
CNS,COHEN & STEERS INC
NAVI,NAVIENT CORP
URBN,URBAN OUTFITTERS INC
HCSG,HEALTHCARE SERVICES INC
WGO,WINNEBAGO INDUSTRIES INC
OI,O I GLASS INC
PJT,PJT PARTNERS INC CLASS A
AVAV,AEROVIRONMENT INC
PIPR,PIPER SANDLER COMPANIES
NTCT,NETSCOUT SYSTEMS INC
SJW,SJW GROUP
PRO,PROS HOLDINGS INC
EHTH,EHEALTH INC
TWO,TWO HARBORS INVESTMENT REIT CORP
BCC,BOISE CASCADE
VRRM,VERRA MOBILITY CORP CLASS A
CWK,CUSHMAN AND WAKEFIELD PLC
ATSG,AIR TRANSPORT SERVICES GROUP INC
OPK,OPKO HEALTH INC
BIG,BIG LOTS INC
RNST,RENASANT CORP
LILAK,LIBERTY LATIN AMERICA LTD CLASS C
TRMK,TRUSTMARK CORP
FBC,FLAGSTAR BANCORP INC
OTTR,OTTER TAIL CORP
FIT,FITBIT INC CLASS A
VGR,VECTOR GROUP LTD
LZB,LA-Z-BOY INC
ATRA,ATARA BIOTHERAPEUTICS INC
MAC,MACERICH REIT
CADE,CADENCE BANCORPORATION CLASS A
TWNK,HOSTESS BRANDS INC CLASS A
HMN,HORACE MANN EDUCATORS CORP
FIBK,FIRST INTERSTATE BANCSYSTEM INC CL
MFA,MFA FINANCIAL REIT INC
CNK,CINEMARK HOLDINGS INC
INO,INOVIO PHARMACEUTICALS INC
SRNE,SORRENTO THERAPEUTICS INC
DEA,EASTERLY GOVERNMENT PROPERTIES INC
AVYA,AVAYA HOLDINGS CORP
TBIO,TRANSLATE BIO INC
PRSC,PROVIDENCE SERVICE CORP
ARCT,ARCTURUS THERAPEUTICS HOLDINGS INC
MD,MEDNAX INC
VIR,VIR BIOTECHNOLOGY INC
OMI,OWENS & MINOR INC
XHR,XENIA HOTELS RESORTS REIT INC
PMT,PENNYMAC MORTGAGE INVESTMENT TRUST
CPK,CHESAPEAKE UTILITIES CORP
UFS,DOMTAR CORP
RUSHA,RUSH ENTERPRISES INC CLASS A
FCEL,FUELCELL ENERGY INC
SONO,SONOS INC
ARI,APOLLO COMMERCIAL REAL ESTATE FINA
CFFN,CAPITOL FEDERAL FINANCIAL INC
UE,URBAN EDGE PROPERTIES
RCII,RENT-A-CENTER INC
PHR,PHREESIA INC
ATGE,ADTALEM GLOBAL EDUCATION INC
FFBC,FIRST FINANCIAL BANCORP
IMVT,IMMUNOVANT INC
TSE,TRINSEO
CYRX,CRYOPORT INC
CVCO,CAVCO INDUSTRIES INC
SPWR,SUNPOWER CORP
DRH,DIAMONDROCK HOSPITALITY REIT
LAUR,LAUREATE EDUCATION INC CLASS A
ITCI,INTRA CELLULAR THERAPIES INC
HLIO,HELIOS TECHNOLOGIES INC
EXPI,EXP WORLD HOLDINGS INC
WDR,WADDELL AND REED FINANCIAL INC CLA
FMBI,FIRST MIDWEST BANCORP INC
CXP,COLUMBIA PROPERTY REIT INC TRUST
TUP,TUPPERWARE BRANDS CORP
RLAY,RELAY THERAPEUTICS INC
EGOV,NIC INC
RVMD,REVOLUTION MEDICINES INC
HNI,HNI CORP
CMPR,CIMPRESS PLC
RVNC,REVANCE THERAPEUTICS INC
VICR,VICOR CORP
MNRO,MONRO INC
GTN,GRAY TELEVISION INC
RRR,RED ROCK RESORTS ORS CLASS A INC
CAKE,CHEESECAKE FACTORY INC
JELD,JELD WEN HOLDING INC
AMWD,AMERICAN WOODMARK CORP
SITC,SITE CENTERS CORP
VRTS,VIRTUS INVESTMENT PARTNERS INC
KAMN,KAMAN CORP
SWTX,SPRINGWORKS THERAPEUTICS INC
BLMN,BLOOMIN BRANDS INC
ROIC,RETAIL OPPORTUNITY INVESTMENTS REI
OSIS,OSI SYSTEMS INC
KN,KNOWLES CORP
YMAB,Y MABS THERAPEUTICS INC
HRTX,HERON THERAPEUTICS INC
RRC,RANGE RESOURCES CORP
VVNT,VIVINT SMART HOME INC CLASS A
KAI,KADANT INC
CVA,COVANTA HOLDING CORP
GNL,GLOBAL NET LEASE INC
NTB,BANK OF NT BUTTERFIELD & SON LTD
SILK,SILK ROAD MEDICAL INC
SKY,SKYLINE CHAMPION CORP
DRNA,DICERNA PHARMACEUTICALS INC
HRI,HERC HOLDINGS INC
YEXT,YEXT INC
RLGY,REALOGY HOLDINGS CORP
SYKE,SYKES ENTERPRISES INC
PATK,PATRICK INDUSTRIES INC
WBT,WELBILT INC
PRFT,PERFICIENT INC
COHU,COHU INC
GSHD,GOOSEHEAD INSURANCE INC CLASS A
TOWN,TOWNEBANK
LTC,LTC PROPERTIES REIT INC
PRK,PARK NATIONAL CORP
NPO,ENPRO INDUSTRIES INC
CSWI,CSW INDUSTRIALS INC
KRTX,KARUNA THERAPEUTICS INC
NWN,NORTHWEST NATURAL HOLDING COMPANY
MGRC,MCGRATH RENT
INFN,INFINERA CORP
KALU,KAISER ALUMINIUM CORP
ILPT,INDUSTRIAL LOGISTICS PROPERTIES TR
SSTK,SHUTTERSTOCK INC
AMKR,AMKOR TECHNOLOGY INC
ALLO,ALLOGENE THERAPEUTICS INC
ABR,ARBOR REALTY TRUST REIT INC
MTDR,MATADOR RESOURCES
VRTU,VIRTUSA CORP
PLMR,PALOMAR HOLDINGS INC
AAT,AMERICAN ASSETS TRUST REIT INC
IGT,INTERNATIONAL GAME TECHNOLOGY PLC
SEAS,SEAWORLD ENTERTAINMENT INC
RIG,TRANSOCEAN LTD
HTLF,HEARTLAND FINANCIAL USA INC
ADUS,ADDUS HOMECARE CORP
ARGO,ARGO GROUP INTERNATIONAL HOLDINGS
SASR,SANDY SPRING BANCORP INC
MNR,MONMOUTH REAL ESTATE INVESTMENT RE
CSGS,CSG SYSTEMS INTERNATIONAL INC
ICFI,ICF INTERNATIONAL INC
SBCF,SEACOAST BANKING OF FLORIDA
INOV,INOVALON HOLDINGS INC CLASS A
PNTG,PENNANT GROUP INC
CSII,CARDIOVASCULAR SYSTEMS INC
SGMO,SANGAMO THERAPEUTICS INC
FOCS,FOCUS FINANCIAL PARTNERS INC CLASS
AAWW,ATLAS AIR WORLDWIDE HOLDINGS INC
TTGT,TECHTARGET INC
BCRX,BIOCRYST PHARMACEUTICALS INC
MYGN,MYRIAD GENETICS INC
USPH,US PHYSICAL THERAPY INC
CENTA,CENTRAL GARDEN AND PET CLASS A
NYMT,NEW YORK MORTGAGE TRUST REIT INC
ODP,ODP CORP
MEI,METHODE ELECTRONICS INC
JRVR,JAMES RIVER GROUP HOLDINGS LTD
CORE,CORE MARK HOLDING INC
SIG,SIGNET JEWELERS LTD
ASTE,ASTEC INDUSTRIES INC
RPAY,REPAY HOLDINGS CORP CLASS A
WW,WW INTERNATIONAL INC
NWBI,NORTHWEST BANCSHARES INC
HSC,HARSCO CORP
UCTT,ULTRA CLEAN HOLDINGS INC
CYTK,CYTOKINETICS INC
WABC,WESTAMERICA BANCORPORATION
BANR,BANNER CORP
HCAT,HEALTH CATALYST INC
TTMI,TTM TECHNOLOGIES INC
CRS,CARPENTER TECHNOLOGY CORP
MLAB,MESA LABORATORIES INC
RGNX,REGENXBIO INC
GLUU,GLU MOBILE INC
ALG,ALAMO GROUP INC
EPAC,ENERPAC TOOL GROUP CORP CLASS A
LGND,LIGAND PHARMACEUTICALS INC
NBTB,NBT BANCORP INC
BGCP,BGC PARTNERS INC CLASS A
GOLF,ACUSHNET HOLDINGS CORP
SMCI,SUPER MICRO COMPUTER INC
CBZ,CBIZ INC
TRS,TRIMAS CORP
TVTX,TRAVERE THERAPEUTICS INC
BRMK,BROADMARK REALTY CAPITAL INC
AXNX,AXONICS MODULATION TECHNOLOGIES IN
EGBN,EAGLE BANCORP INC
RCUS,ARCUS BIOSCIENCES INC
PRIM,PRIMORIS SERVICES CORP
CALX,CALIX NETWORKS INC
LNN,LINDSAY CORP
TTEC,TTEC HOLDINGS INC
LKFN,LAKELAND FINANCIAL CORP
CATM,CARDTRONICS PLC CLASS A
SBH,SALLY BEAUTY HOLDINGS INC
ANF,ABERCROMBIE AND FITCH CLASS A
WHD,CACTUS INC CLASS A
MCRB,SERES THERAPEUTICS INC
CERS,CERUS CORP
SBGI,SINCLAIR BROADCAST GROUP INC CLASS
LOB,LIVE OAK BANCSHARES INC
MRSN,MERSANA THERAPEUTICS INC
SPT,SPROUT SOCIAL INC CLASS A
GVA,GRANITE CONSTRUCTION INC
IRT,INDEPENDENCE REALTY INC TRUST
OCUL,OCULAR THERAPEUTIX INC
AR,ANTERO RESOURCES CORP
MSEX,MIDDLESEX WATER
KRG,KITE REALTY GROUP TRUST REIT
CELH,CELSIUS HOLDINGS INC
AMCX,AMC NETWORKS CLASS A INC
TNC,TENNANT
AZZ,AZZ INC
STC,STEWART INFO SERVICES CORP
GEF,GREIF INC CLASS A
HOPE,HOPE BANCORP INC
CCS,CENTURY COMMUNITIES INC
TPIC,TPI COMPOSITES INC
FARO,FARO TECHNOLOGIES INC
COKE,COCA COLA CONSOLIDATED INC
EIDX,EIDOS THERAPEUTICS INC
ECPG,ENCORE CAPITAL GROUP INC
MBUU,MALIBU BOATS CLASS A INC
MHO,M I HOMES INC
AKR,ACADIA REALTY TRUST REIT
CVGW,CALAVO GROWERS INC
BRP,BRP GROUP INC CLASS A
SWM,SCHWEITZER MAUDUIT INTERNATIONAL I
PFS,PROVIDENT FINANCIAL SERVICES INC
ENDP,ENDO INTERNATIONAL PLC
ZUO,ZUORA INC CLASS A
JOE,ST JOE
TROX,TRONOX HOLDINGS PLC
SAFE,SAFEHOLD INC
VCEL,VERICEL CORP
GRWG,GROWGENERATION CORP
UVV,UNIVERSAL CORP
BSIG,BRIGHTSPHERE INVESTMENT GROUP INC
AROC,ARCHROCK INC
CALM,CAL MAINE FOODS INC
NNI,NELNET INC CLASS A
ALEX,ALEXANDER & BALDWIN INC
DOMO,DOMO INC CLASS B
MTRN,MATERION CORP
MGNX,MACROGENICS INC
DDD,3D SYSTEMS CORP
VCRA,VOCERA COMMUNICATIONS INC
GMS,GMS INC
ECOL,US ECOLOGY INC
RAVN,RAVEN INDUSTRIES INC
CLI,MACK-CALI REALTY REIT CORP
LASR,NLIGHT INC
WIRE,ENCORE WIRE CORP
DRQ,DRIL QUIP INC
BOOT,BOOT BARN HOLDINGS INC
UPLD,UPLAND SOFTWARE INC
DLX,DELUXE CORP
EVH,EVOLENT HEALTH INC CLASS A
AIR,AAR CORP
MTSC,MTS SYSTEMS CORP
HURN,HURON CONSULTING GROUP INC
CASH,META FINANCIAL GROUP INC
VSTO,VISTA OUTDOOR INC
ADVM,ADVERUM BIOTECHNOLOGIES INC
GCP,GCP APPLIED TECHNOLOGIES INC
IMGN,IMMUNOGEN INC
FOE,FERRO CORP
ARCB,ARCBEST CORP
GPRO,GOPRO INC CLASS A
GBX,GREENBRIER INC
EPZM,EPIZYME INC
EB,EVENTBRITE CLASS A INC
MODN,MODEL N INC
SAFT,SAFETY INSURANCE GROUP INC
ZGNX,ZOGENIX INC
VBTX,VERITEX HOLDINGS INC
OPI,OFFICE PROPERTIES INCOME TRUST
NKTX,NKARTA INC
SRRK,SCHOLAR ROCK HOLDING CORP
PLAY,DAVE AND BUSTERS ENTERTAINMENT INC
SCS,STEELCASE INC CLASS A
PGTI,PGT INNOVATIONS INC
AMSF,AMERISAFE INC
BANF,BANCFIRST CORP
NTGR,NETGEAR INC
PGNY,PROGYNY INC
KPTI,KARYOPHARM THERAPEUTICS INC
PLUS,EPLUS
UIS,UNISYS CORP
NMRK,NEWMARK GROUP INC CLASS A
EVRI,EVERI HOLDINGS INC
TBK,TRIUMPH BANCORP INC
RGR,STURM RUGER INC
SMP,STANDARD MOTOR PRODUCTS INC
GEO,GEO GROUP REIT INC
SUPN,SUPERNUS PHARMACEUTICALS INC
AMRC,AMERESCO INC CLASS A
CHCO,CITY HOLDING
MDGL,MADRIGAL PHARMACEUTICALS INC
OCFC,OCEANFIRST FINANCIAL CORP
STAR,ISTAR REIT INC
FBK,FB FINANCIAL CORP
CTS,CTS CORP
BUSE,FIRST BUSEY CORP
DIN,DINE BRANDS GLOBAL INC
EVOP,EVO PAYMENTS INC CLASS A
MRTN,MARTEN TRANSPORT LTD
DK,DELEK US HOLDINGS INC
CHRS,COHERUS BIOSCIENCES INC
LMNX,LUMINEX CORP
PTEN,PATTERSON UTI ENERGY INC
RAD,RITE AID CORP
RWT,REDWOOD TRUST REIT INC
PING,PING IDENTITY HOLDING CORP
CHCT,COMMUNITY HEALTHCARE TRUST INC
HCC,WARRIOR MET COAL INC
LADR,LADDER CAPITAL CORP CLASS A
CWEN-A,CLEARWAY ENERGY INC CLASS A
IPAR,INTER PARFUMS INC
GIII,G III APPAREL GROUP LTD
FIZZ,NATIONAL BEVERAGE CORP
SBSI,SOUTHSIDE BANCSHARES INC
SKT,TANGER FACTORY OUTLET CENTERS REIT
HSKA,HESKA CORP
SAH,SONIC AUTOMOTIVE INC CLASS A
DHC,DIVERSIFIED HEALTHCARE TRUST
GWB,GREAT WESTERN BANCORP INC
LNTH,LANTHEUS HOLDINGS INC
ELF,ELF BEAUTY INC
TMP,TOMPKINS FINANCIAL CORP
MGY,MAGNOLIA OIL GAS CORP CLASS A
GTY,GETTY REALTY REIT CORP
QNST,QUINSTREET INC
NXGN,NEXTGEN HEALTHCARE INC
MYRG,MYR GROUP INC
QTRX,QUANTERIX CORP
TGH,TEXTAINER GROUP HOLDINGS LTD
REAL,THE REALREAL INC
WNC,WABASH NATIONAL CORP
EBIX,EBIX INC
SXI,STANDEX INTERNATIONAL CORP
KOS,KOSMOS ENERGY LTD
SHYF,SHYFT GROUP INC
RYTM,RHYTHM PHARMACEUTICALS INC
MIK,MICHAELS COMPANIES INC
AHCO,ADAPTHEALTH CORP CLASS A
BKE,BUCKLE INC
INN,SUMMIT HOTEL PROPERTIES REIT INC
SITM,SITIME CORP
HEES,H AND E EQUIPMENT SERVICES INC
PBI,PITNEY BOWES INC
HTLD,HEARTLAND EXPRESS INC
PLOW,DOUGLAS DYNAMICS INC
BRBR,BELLRING BRANDS INC CLASS A
NBHC,NATIONAL BANK HOLDINGS CORP CLASS
CDXS,CODEXIS INC
CWH,CAMPING WORLD HOLDINGS INC CLASS A
ACLS,AXCELIS TECHNOLOGIES INC
NP,NEENAH INC
NXRT,NEXPOINT RESIDENTIAL TRUST INC
INSG,INSEEGO CORP
PSNL,PERSONALIS INC
CNST,CONSTELLATION PHARMACEUTICALS INC
OSUR,ORASURE TECHNOLOGIES INC
CMCO,COLUMBUS MCKINNON CORP
FCF,FIRST COMMONWEALTH FINANCIAL CORP
BATRK,LIBERTY MEDIA LIBERTY BRAVES CORP
OEC,ORION ENGINEERED CARBONS SA
LRN,K12 INC
PAR,PAR TECHNOLOGY CORP
PRA,PROASSURANCE CORP
CXW,CORECIVIC REIT INC
OXM,OXFORD INDUSTRIES INC
BHE,BENCHMARK ELECTRONICS INC
FBNC,FIRST BANCORP
REPL,REPLIMUNE GROUP INC
GNMK,GENMARK DIAGNOSTICS INC
SNEX,STONEX GROUP INC
TCBK,TRICO BANCSHARES
STBA,S AND T BANCORP INC
BRKL,BROOKLINE BANCORP INC
UHT,UNIVERSAL HEALTH REALTY INCOME TRU
EIG,EMPLOYERS HOLDINGS INC
USNA,USANA HEALTH SCIENCES INC
AXL,AMERICAN AXLE AND MANUFACTURING HO
CNDT,CONDUENT INC
HA,HAWAIIAN HOLDINGS INC
KRA,KRATON CORP
LL,LUMBER LIQUIDATORS HOLDINGS INC
OMER,OMEROS CORP
ATRI,ATRION CORP
GLNG,GOLAR LNG LTD
PRVB,PROVENTION BIO INC
PLT,PLANTRONICS INC
TBPH,THERAVANCE BIOPHARMA INC
ARVN,ARVINAS INC
DENN,DENNYS CORP
HNGR,HANGER INC
PRDO,PERDOCEO EDUCATION CORP
VIE,VIELA BIO INC
FREQ,FREQUENCY THERAPEUTICS INC
SWBI,SMITH WESSON BRANDS INC
UNFI,UNITED NATURAL FOODS INC
OFG,OFG BANCORP
CARS,CARS.COM INC
KRNY,KEARNY FINANCIAL TEST CORP
CCF,CHASE CORP
EFSC,ENTERPRISE FINANCIAL SERVICES CORP
VIVO,MERIDIAN BIOSCIENCE INC
KFRC,KFORCE INC
SYBT,STOCK YARDS BANCORP INC
GFF,GRIFFON CORP
SLP,SIMULATIONS PLUS INC
CEVA,CEVA INC
VECO,VEECO INSTRUMENTS INC
NHC,NATIONAL HEALTHCARE CORP
HFWA,HERITAGE FINANCIAL CORP
CRVL,CORVEL CORP
MATW,MATTHEWS INTERNATIONAL CORP CLASS
PFC,PREMIER FINANCIAL CORP
OII,OCEANEERING INTERNATIONAL INC
MMI,MARCUS & MILLICHAP INC
PSN,PARSONS CORP
HOME,AT HOME GROUP INC
TCRR,TCR2 THERAPEUTICS INC
BHLB,BERKSHIRE HILLS BANCORP INC
CRY,CRYOLIFE INC
AFIN,AMERICAN FIN INC TRUST CLASS A
GES,GUESS INC
KRYS,KRYSTAL BIOTECH INC
CKH,SEACOR HOLDINGS INC
RDNT,RADNET INC
ENTA,ENANTA PHARMACEUTICALS INC
TVTY,TIVITY HEALTH INC
PBF,PBF ENERGY INC CLASS A
RESI,FRONT YARD RESIDENTIAL CORP
SRI,STONERIDGE INC
GRPN,GROUPON INC
ENVA,ENOVA INTERNATIONAL INC
AMBC,AMBAC FINANCIAL GROUP INC
GABC,GERMAN AMERICAN BANCORP INC
XPEL,XPEL INC
SSP,EW SCRIPPS CLASS A
FDP,FRESH DEL MONTE PRODUCE INC
ICPT,INTERCEPT PHARMACEUTICALS INC
MDP,MEREDITH CORP
ZUMZ,ZUMIEZ INC
TPRE,THIRD POINT REINSURANCE LTD
TRHC,TABULA RASA HEALTHCARE INC
SM,SM ENERGY
BALY,BALLY S CORP
FRO,FRONTLINE LTD
IMAX,IMAX CORP
WASH,WASHINGTON TRUST BANCORP INC
ACCO,ACCO BRANDS CORP
ALXO,ALX ONCOLOGY HOLDINGS INC
DBD,DIEBOLD NIXDORF INC
SCHN,SCHNITZER STEEL INDUSTRIES INC CLA
ESPR,ESPERION THERAPEUTICS INC
HIBB,HIBBETT SPORTS INC
GME,GAMESTOP CORP CLASS A
NVEE,NV5 GLOBAL INC
ECHO,ECHO GLOBAL LOGISTICS INC
SLQT,SELECTQUOTE INC
GLT,GLATFELTER CORP
EXTR,EXTREME NETWORKS INC
APOG,APOGEE ENTERPRISES INC
KDMN,KADMON INC
IHRT,IHEARTMEDIA INC CLASS A
FMTX,FORMA THERAPEUTICS HLDG INC
CLBK,COLUMBIA FINANCIAL INC
ROAD,CONSTRUCTION PARTNERS INC CLASS A
BKD,BROOKDALE SENIOR LIVING INC
CYH,COMMUNITY HEALTH SYSTEMS INC
SCHL,SCHOLASTIC CORP
CNOB,CONNECTONE BANCORP INC
AGYS,AGILISYS INC
BJRI,BJS RESTAURANTS INC
KELYA,KELLY SERVICES INC CLASS A
QUOT,QUOTIENT TECHNOLOGY INC
VERI,VERITONE INC
ATNX,ATHENEX INC
LBRT,LIBERTY OILFIELD SERVICES INC CLAS
FFWM,FIRST FOUNDATION INC
TBI,TRUEBLUE INC
TGI,TRIUMPH GROUP INC
COWN,COWEN INC CLASS A
CHEF,CHEFS WAREHOUSE INC
GLDD,GREAT LAKES DREDGE AND DOCK CORP
KNL,KNOLL INC
ANDE,ANDERSONS INC
CBB,CINCINNATI BELL INC
UEIC,UNIVERSAL ELECTRONICS INC
CSTL,CASTLE BIOSCIENCES INC
INGN,INOGEN INC
NX,QUANEX BUILDING PRODUCTS CORP
CIR,CIRCOR INTERNATIONAL INC
TBBK,BANCORP INC
TCMD,TACTILE SYSTEMS TECHNOLOGY INC
ARR,ARMOUR RESIDENTIAL REIT INC
RILY,B RILEY FINANCIAL INC
DNOW,NOW INC
TCX,TUCOWS INC
CRMT,AMERICAS CAR-MART INC
XENT,INTERSECT ENT INC
VNDA,VANDA PHARMACEUTICALS INC
PLAB,PHOTRONICS INC
ALVR,ALLOVIR INC
CLCT,COLLECTORS UNIVERSE INC
SPNS,SAPIENS INTERNATIONAL NV
QADA,QAD INC CLASS A
RXT,RACKSPACE TECHNOLOGY INC
ICHR,ICHOR HOLDINGS LTD
SCSC,SCANSOURCE INC
SPPI,SPECTRUM PHARMACEUTICALS INC
PI,IMPINJ INC
ARCH,ARCH RESOURCES INC CLASS A
OFIX,ORTHOFIX MEDICAL INC
BOOM,DMC GLOBAL INC
AGM,FEDERAL AGRICULTURAL MORTGAGE NON
ADTN,ADTRAN INC
NTUS,NATUS MEDICAL INC
ALEC,ALECTOR INC
OSPN,ONESPAN INC
AGX,ARGAN INC
ACCD,ACCOLADE INC
EBSB,MERIDIAN BANCORP INC
HMST,HOMESTREET INC
WETF,WISDOMTREE INVESTMENTS INC
SP,SP PLUS CORP
VVI,VIAD CORP
AMPH,AMPHASTAR PHARMACEUTICALS INC
PETQ,PETIQ INC CLASS A
JBSS,JOHN B SANFILIPPO AND SON INC
PTGX,PROTAGONIST THERAPEUTICS INC
INVA,INNOVIVA INC
MYE,MYERS INDUSTRIES INC
LC,LENDINGCLUB CORP
MNKD,MANNKIND CORP
GTHX,G1 THERAPEUTICS INC
BCOV,BRIGHTCOVE INC
SNDX,SYNDAX PHARMACEUTICALS INC
SRCE,1ST SOURCE CORP
OPCH,OPTION CARE HEALTH INC
STNG,SCORPIO TANKERS INC
SI,SILVERGATE CAPITAL CLASS A CORP
BANC,BANC OF CALIFORNIA INC
SIBN,SI BONE INC
HLIT,HARMONIC INC
RPT,RPT REALTY
HBNC,HORIZON BNCP IND
NEX,NEXTIER OILFIELD SOLUTIONS INC
YORW,YORK WATER
RDUS,RADIUS HEALTH INC
UTL,UNITIL CORP
BCOR,BLUCORA INC
MCRI,MONARCH CASINO AND RESORT INC
DMRC,DIGIMARC CORP
BDTX,BLACK DIAMOND THERAPEUTICS INC
CLNC,COLONY CREDIT REAL ESTATE INC CLAS
PDFS,PDF SOLUTIONS INC
SPTN,SPARTANNASH
HZO,MARINEMAX INC
PFBC,PREFERRED BANK
STOK,STOKE THERAPEUTICS INC
NCBS,NICOLET BANKSHARES INC
NGM,NGM BIOPHARMACEUTICALS INC
COLL,COLLEGIUM PHARMACEUTICAL INC
ABTX,ALLEGIANCE BANCSHARES INC
FOSL,FOSSIL GROUP INC
TRTX,TPG RE FINANCE TRUST INC
SFL,SFL LTD
NRC,NATIONAL RESEARCH CORP
EFC,ELLINGTON FINANCIAL INC
IGMS,IGM BIOSCIENCES INC
SGRY,SURGERY PARTNERS INC
DHT,DHT HOLDINGS INC
PLCE,CHILDRENS PLACE INC
BMTC,BRYN MAWR BANK CORP
CARA,CARA THERAPEUTICS INC
MOD,MODINE MANUFACTURING
VREX,VAREX IMAGING CORP
LBAI,LAKELAND BANCORP INC
FBMS,FIRST BANCSHARES INC
EIGI,ENDURANCE INTERNATIONAL GROUP HOLD
ARLO,ARLO TECHNOLOGIES INC
OBNK,ORIGIN BANCORP INC
WIFI,BOINGO WIRELESS INC
HLX,HELIX ENERGY SOLUTIONS GROUP INC
AHH,ARMADA HOFFLER PROPERTIES REIT INC
ALX,ALEXANDERS REIT INC
CASS,CASS INFORMATION SYSTEMS INC
GRC,GORMAN-RUPP
PUMP,PROPETRO HOLDING CORP
IVR,INVESCO MORTGAGE CAPITAL REIT INC
WTRE,WATFORD HOLDINGS LTD
PRPL,PURPLE INNOVATION INC
CDMO,AVID BIOSERVICES INC
CENX,CENTURY ALUMINUM
CLW,CLEARWATER PAPER CORP
GOOD,GLADSTONE COMMERCIAL REIT CORP
PETS,PETMED EXPRESS INC
AAN,AARONS COMPANY INC
RMAX,RE MAX HOLDINGS INC CLASS A
BPFH,BOSTON PRIVATE FINANCIAL HOLDINGS
DFIN,DONNELLEY FINANCIAL SOLUTIONS INC
GMRE,GLOBAL MEDICAL REIT INC
RMR,RMR GROUP INC CLASS A
GOSS,GOSSAMER BIO INC
ZNTL,ZENTALIS PHARMACEUTICALS INC
CPS,COOPER STANDARD HOLDINGS INC
FLWS,1-800 FLOWERS.COM INC CLASS A
ISEE,IVERIC BIO INC
PGEN,PRECIGEN INC
BLFS,BIOLIFE SOLUTIONS INC
AEGN,AEGION CORP CLASS A
USCR,U S CONCRETE INC
AXGN,AXOGEN INC
MGPI,MGP INGREDIENTS INC
ZIOP,ZIOPHARM ONCOLOGY INC
IMKTA,INGLES MARKETS INC CLASS A
DCO,DUCOMMUN INC
HONE,HARBORONE BANCORP INC
LMAT,LEMAITRE VASCULAR INC
FRG,FRANCHISE GROUP INC
UVSP,UNIVEST FINANCIAL CORP
ATRS,ANTARES PHARMA INC
KIDS,ORTHOPEDIATRICS CORP
CTBI,COMMUNITY TRUST BANCORP INC
CLNE,CLEAN ENERGY FUELS CORP
PCVX,VAXCYTE INC
QCRH,QCR HOLDINGS INC
MITK,MITEK SYSTEMS INC
HY,HYSTER YALE MATERIALS HANDLING INC
UMH,UMH PROPERTIES REIT INC
THR,THERMON GROUP HOLDINGS INC
TG,TREDEGAR CORP
GPMT,GRANITE POINT MORTGAGE TRUST INC
KOP,KOPPERS HOLDINGS INC
TRST,TRUSTCO BANK CORP
HSII,HEIDRICK AND STRUGGLES INTERNATION
GOGO,GOGO INC
VEC,VECTRUS INC
BV,BRIGHTVIEW HOLDINGS INC
CMO,CAPSTEAD MORTGAGE REIT CORP
WRLD,WORLD ACCEPTANCE CORP
RIGL,RIGEL PHARMACEUTICALS INC
PAE,PAE INC CLASS A
ASIX,ADVANSIX INC
AFMD,AFFIMED NV
CAI,CAI INTERNATIONAL INC
CAC,CAMDEN NATIONAL CORP
PQG,PQ GROUP HOLDINGS INC
ALBO,ALBIREO PHARMA INC
WINA,WINMARK CORP
KROS,KEROS THERAPEUTICS INC
DGII,DIGI INTERNATIONAL INC
STRO,SUTRO BIOPHARMA INC
AGEN,AGENUS INC
RNA,AVIDITY BIOSCIENCES INC
CLDT,CHATHAM LODGING TRUST REIT
ANGO,ANGIODYNAMICS INC
TEN,TENNECO INC CLASS A
ATEC,ALPHATEC HOLDNGS INC
NWLI,NATIONAL WESTERN LIFE GROUP INC CL
TILE,INTERFACE INC
PARR,PAR PACIFIC HOLDINGS INC
BBSI,BARRETT BUSINESS SERVICES INC
VBIV,VBI VACCINES INC
TPC,TUTOR PERINI CORP
LILA,LIBERTY LATIN AMERICA LTD CLASS A
ATNI,ATN INTERNATIONAL INC
CUBI,CUSTOMERS BANCORP INC
ANIK,ANIKA THERAPEUTICS INC
ORBC,ORBCOMM INC
DVAX,DYNAVAX TECHNOLOGIES CORP
KREF,KKR REAL ESTATE FINANCE INC TRUST
RUTH,RUTHS HOSPITALITY GROUP INC
SPWH,SPORTSMANS WAREHOUSE HOLDINGS INC
VAPO,VAPOTHERM INC
GSBC,GREAT SOUTHERN BANCORP INC
BTAI,BIOXCEL THERAPEUTICS INC
HSTM,HEALTHSTREAM INC
SRDX,SURMODICS INC
ARQT,ARCUTIS BIOTHERAPEUTICS INC
GRBK,GREEN BRICK PARTNERS INC
UFCS,UNITED FIRE GROUP INC
SLCA,US SILICA HOLDINGS INC
AOSL,ALPHA AND OMEGA SEMICONDUCTOR LTD
TPB,TURNING POINT BRANDS INC
HWKN,HAWKINS INC
SRG,SERITAGE GROWTH PROPERTIES CLA
CVI,CVR ENERGY INC
NFBK,NORTHFIELD BANCORP INC
NARI,INARI MEDICAL INC
NAT,NORDIC AMERICAN TANKERS LTD
HTBK,HERITAGE COMMERCE CORP
LDL,LYDALL INC
BMRC,BANK OF MARIN BANCORP
PHAT,PHATHOM PHARMACEUTICALS INC
WOW,WIDEOPENWEST INC
GTS,TRIPLE S MANAGEMENT CORP CLASS B
THFF,FIRST FINANCIAL CORPORATION INDIAN
FLXN,FLEXION THERAPEUTICS INC
REX,REX AMERICAN RESOURCES CORP
MSGN,MSG NETWORKS INC CLASS A
NLS,NAUTILUS INC
EGRX,EAGLE PHARMACEUTICALS INC
CNXN,PC CONNECTION INC
ERII,ENERGY RECOVERY INC
FFG,FBL FINANCIAL GROUP INC CLASS A
AMSWA,AMERICAN SOFTWARE INC CLASS A
ATEN,A10 NETWORKS INC
FMBH,FIRST MID BANCSHARES INC
FSP,FRANKLIN STREET PROPERTIES REIT CO
KNSA,KINIKSA PHARMACEUTICALS LTD CLASS
OFLX,OMEGA FLEX INC
TR,TOOTSIE ROLL INDUSTRIES INC
MRC,MRC GLOBAL INC
FLGT,FULGENT GENETICS INC
ANAB,ANAPTYSBIO INC
SNR,NEW SENIOR INVESTMENT GROUP INC
GERN,GERON CORP
JOUT,JOHNSON OUTDOORS INC CLASS A
SGH,SMART GLOBAL HOLDINGS INC
CFB,CROSSFIRST BANKSHARES INC
CSV,CARRIAGE SERVICES INC
CVM,CEL SCI CORP
OTRK,ONTRAK INC
LLNW,LIMELIGHT NETWORKS INC
GPRE,GREEN PLAINS INC
ARDX,ARDELYX INC
ALTA,ALTABANCORP
PEBO,PEOPLES BANCORP INC
CBAY,CYMABAY THERAPEUTICS INC
SYX,SYSTEMAX INC
FORR,FORRESTER RESEARCH INC
CHUY,CHUYS HOLDINGS INC
BLX,BANCO LATINOAMERICANO DE COMERCIO
NPK,NATIONAL PRESTO INDUSTRIES INC
LXFR,LUXFER HOLDINGS PLC
CTT,CATCHMARK TIMBER TRUST INC CLASS A
RC,READY CAPITAL CORP
AVD,AMER VANGUARD CORP
MPAA,MOTORCAR PARTS OF AMERICA INC
VRAY,VIEWRAY INC
STRL,STERLING CONSTRUCTION INC
CRTX,CORTEXYME INC
NBR,NABORS INDUSTRIES LTD
EVER,EVERQUOTE INC CLASS A
APEI,AMERICAN PUBLIC EDUCATION INC
RLMD,RELMADA THERAPEUTICS INC
CAL,CALERES INC
WMK,WEIS MARKETS INC
EBF,ENNIS INC
AERI,AERIE PHARMACEUTICALS INC
TSC,TRISTATE CAPITAL HOLDINGS INC
TRUE,TRUECAR INC
LPG,DORIAN LPG LTD
IIIN,INSTEEL INDUSTRIES INC
MORF,MORPHIC HOLDING INC
CATC,CAMBRIDGE BANCORP
AMSC,AMERICAN SUPERCONDUCTOR CORP
DHIL,DIAMOND HILL INVESTMENT GROUP INC
IIIV,I3 VERTICALS INC CLASS A
INSW,INTERNATIONAL SEAWAYS INC
BCEL,ATRECA INC CLASS A
DCOM,DIME COMMUNITY BANCSHARES INC
FLDM,FLUIDIGM CORP
MTW,MANITOWOC INC
DBI,DESIGNER BRANDS INC CLASS A
NRIX,NURIX THERAPEUTICS INC
GCO,GENESCO INC
FPRX,FIVE PRIME THERAPEUTICS INC
MCFT,MASTERCRAFT BOAT HOLDINGS INC
HVT,HAVERTY FURNITURE COMPANIES INC
CPF,CENTRAL PACIFIC FINANCIAL CORP
GBIO,GENERATION BIO
BCEI,BONANZA CREEK ENERGY INC
NPTN,NEOPHOTONICS CORP
FFIC,FLUSHING FINANCIAL CORP
BFC,BANK FIRST CORP
SYRS,SYROS PHARMACEUTICALS INC
RBBN,RIBBON COMMUNICATIONS INC
ETH,ETHAN ALLEN INC
AKBA,AKEBIA THERAPEUTICS INC
CTRN,CITI TRENDS INC
AVID,AVID TECHNOLOGY INC
SPNE,SEASPINE HOLDINGS CORP
FI,FRANK S INTERNATIONAL NV
CMTL,COMTECH TELECOMMUNICATIONS CORP
OPRX,OPTIMIZERX CORP
AROW,ARROW FINANCIAL CORP
WSBF,WATERSTONE FINANCIAL INC
VKTX,VIKING THERAPEUTICS INC
ZIXI,ZIX CORP
ACEL,ACCEL ENTERTAINMENT INC CLASS A
BZH,BEAZER HOMES INC
AMRX,AMNEAL PHARMACEUTICALS INC CLASS A
PGC,PEAPACK GLADSTONE FINANCIAL CORP
AVRO,AVROBIO INC
UBA,URSTADT BIDDLE PROPERTIES REIT INC
CIO,CITY OFFICE REIT INC
KBAL,KIMBALL INTERNATIONAL INC CLASS B
CBTX,CBTX INC
SXC,SUNCOKE ENERGY INC
MNRL,BRIGHAM MINERALS INC CLASS A
VSTM,VERASTEM INC
MBWM,MERCANTILE BANK CORP
LQDT,LIQUIDITY SERVICES INC
FBM,FOUNDATION BUILDING MATERIALS INC
AMK,ASSETMARK FINANCIAL HOLDINGS INC
RGP,RESOURCES CONNECTION INC
IMXI,INTERNATIONAL MONEY EXPRESS INC
ARAY,ACCURAY INC
CNR,CORNERSTONE BUILDING BRANDS INC
RYAM,RAYONIER ADVANCED MATERIALS INC
DRRX,DURECT CORP
OSW,ONESPAWORLD HOLDINGS LTD
BNFT,BENEFITFOCUS INC
ECOM,CHANNELADVISOR CORP
CLVS,CLOVIS ONCOLOGY INC
DX,DYNEX CAPITAL REIT INC
BDGE,BRIDGE BANCORP INC
NK,NANTKWEST INC
BY,BYLINE BANCORP INC
MLR,MILLER INDUSTRIES INC
HOFT,HOOKER FURNITURE CORP
FLIC,FIRST OF LONG ISLAND CORP
CNSL,CONSOLIDATED COMMUNICATIONS HOLDIN
WLDN,WILLDAN GROUP INC
NLTX,NEOLEUKIN THERAPEUTICS INC
AMTI,APPLIED MOLECULAR TRANSPORT
LOVE,LOVESAC COMPANY
UUUU,ENERGY FUELS INC
APTS,PREFERRED APARTMENT COMMUNITIES RE
UVE,UNIVERSAL INSURANCE HOLDINGS INC
AMRS,AMYRIS INC
IBCP,INDEPENDENT BANK CORP
DDS,DILLARDS INC CLASS A
DXPE,DXP ENTERPRISES INC
BFS,SAUL CENTERS REIT INC
VXRT,VAXART INC
CRAI,CRA INTERNATIONAL INC
MBI,MBIA INC
CMRE,COSTAMARE INC
MOFG,MIDWESTONE FINANCIAL GROUP INC
QTNT,QUOTIENT LTD
PAHC,PHIBRO ANIMAL HEALTH CORP CLASS A
TITN,TITAN MACHINERY INC
AKRO,AKERO THERAPEUTICS INC
FCBC,FIRST COMMUNITY BANKSHARES INC
BHB,BAR HARBOR BANKSHARES
PASG,PASSAGE BIO INC
KE,KIMBALL ELECTRONICS INC
BDSI,BIODELIVERY SCIENCES INTERNATIONAL
RBCAA,REPUBLIC BANCORP INC CLASS A
CUE,CUE BIOPHARMA INC
TMDX,TRANSMEDICS GROUP INC
LIND,LINDBLAD EXPEDITIONS HOLDINGS INC
CENT,CENTRAL GARDEN AND PET
OPRT,OPORTUN FINANCIAL CORP
CUTR,CUTERA INC
MSBI,MIDLAND STATES BANCORP INC
JYNT,JOINT CORP
GCI,GANNETT CO INC
CNCE,CONCERT PHARMACEUTICALS INC
DSPG,DSP GROUP INC
SIGA,SIGA TECHNOLOGIES INC
ORC,ORCHID ISLAND CAPITAL INC
ALRS,ALERUS FINANCIAL CORP
AXTI,AXT INC
AMTB,AMERANT BANCORP INC CLASS A
VRS,VERSO CORP CLASS A
ANNX,ANNEXON INC
HCKT,HACKETT GROUP INC
CRNX,CRINETICS PHARMACEUTICALS INC
BFST,BUSINESS FIRST BANCSHARES INC
FMNB,FARMERS NATIONAL BANC CORP
VPG,VISHAY PRECISION GROUP INC
URGN,UROGEN PHARMA LTD
AGLE,AEGLEA BIOTHERAPEUTICS INC
CCBG,CAPITAL CITY BANK INC
TISI,TEAM INC
DTIL,PRECISION BIOSCIENCES INC
CPSI,COMPUTER PROGRAMS AND SYSTEMS INC
CTSO,CYTOSORBENTS CORP
BSRR,SIERRA BANCORP
AWH,ASPIRA WOMENS HEALTH INC
FISI,FINANCIAL INSTITUTIONS INC
HMHC,HOUGHTON MIFFLIN HARCOURT
IESC,IES INC
WTBA,WEST BANCORPORATION INC
PRTA,PROTHENA PLC
ACRE,ARES COMMERCIAL REAL ESTATE REIT C
FIXX,HOMOLOGY MEDICINES INC
VSEC,VSE CORP
CAMP,CALAMP CORP
DJCO,DAILY JOURNAL CORP
CPRX,CATALYST PHARMACEUTICALS INC
CTMX,CYTOMX THERAPEUTICS INC
PBYI,PUMA BIOTECHNOLOGY INC
AMOT,ALLIED MOTION TECHNOLOGIES INC
SCVL,SHOE CARNIVAL INC
OOMA,OOMA INC
PACK,RANPAK HOLDINGS CORP CLASS A
CLAR,CLARUS CORP
OLP,ONE LIBERTY PROPERTIES REIT INC
MRNS,MARINUS PHARMACEUTICALS INC
ACBI,ATLANTIC CAPITAL BANCSHARES INC
OIS,OIL STATES INTERNATIONAL INC
KRO,KRONOS WORLDWIDE INC
TDW,TIDEWATER INC
AMEH,APOLLO MEDICAL HOLDINGS INC
FRTA,FORTERRA INC
VERU,VERU INC
LOCO,EL POLLO LOCO INC
FF,FUTUREFUEL CORP
VHC,VIRNETX HOLDING CORP
HIFS,HINGHAM INSTITUTION FOR SAVINGS
ATEX,ANTERIX INC
CALA,CALITHERA BIOSCIENCES INC
CCRN,CROSS COUNTRY HEALTHCARE INC
PKOH,PARK OHIO HOLDINGS CORP
WTRH,WAITR HOLDINGS INC
RRGB,RED ROBIN GOURMET BURGERS INC
ESGC,EROS STX GLOBAL CORP CLASS A
FOR,FORESTAR GROUP INC
CCNE,CNB FINANCIAL CORP
HTBI,HOMETRUST BANCSHARES INC
IVC,INVACARE CORP
PRTS,CARPARTS COM INC
OSBC,OLD SECOND BANCORP INC
STFC,STATE AUTO FINANCIAL CORP
HAFC,HANMI FINANCIAL CORP
WSR,WHITESTONE REIT
EQBK,EQUITY BANCSHARES INC CLASS A
UTMD,UTAH MEDICAL PRODUCTS INC
ATHX,ATHERSYS INC
NSSC,NAPCO SECURITY TECHNOLOGIES INC
MEG,MONTROSE ENVIRONMENTAL GRP INC
ETM,ENTERCOM COMMUNICATIONS CORP CLASS
LNDC,LANDEC CORP
HCI,HCI GROUP INC
HAYN,HAYNES INTERNATIONAL INC
INS,INTELLIGENT SYSTEMS CORP
ARTNA,ARTESIAN RESOURCES CORP CLASS A
UFPT,UFP TECHNOLOGIES INC
AMNB,AMERICAN NATIONAL BANKSHARES INC
ITOS,ITEOS THERAPEUTICS INC
CIA,CITIZENS INC CLASS A
VMD,VIEMED HEALTHCARE INC
BOMN,BOSTON OMAHA CORP CLASS A
APLT,APPLIED THERAPEUTICS INC
RBNC,RELIANT BANCORP INC
MGI,MONEYGRAM INTERNATIONAL INC
PRTK,PARATEK PHARMACEUTICALS INC
FC,FRANKLIN COVEY
HCCI,HERITAGE CRYSTAL INC
GDEN,GOLDEN ENTERTAINMENT INC
ORIC,ORIC PHARMACEUTICALS INC
OPY,OPPENHEIMER HOLDINGS NON VOTING IN
PFIS,PEOPLES FINANCIAL SERVICES CORP
HFFG,HF FOODS GROUP INC
ANIP,ANI PHARMACEUTICALS INC
ICAD,ICAD INC
FRPH,FRP HOLDINGS INC
MCS,THE MARCUS CORP
AFIB,ACUTUS MEDICAL INC
EIGR,EIGER BIOPHARMACEUTICALS INC
SCU,SCULPTOR CAPITAL MANAGEMENT INC CL
HT,HERSHA HOSPITALITY REIT TRUST CLAS
KALA,KALA PHARMACEUTICALS INC
ASPN,ASPEN AEROGELS INC
CLFD,CLEARFIELD INC
LAND,GLADSTONE LAND REIT CORP
GEF-B,GREIF INC CLASS B
HEAR,TURTLE BEACH CORP
ATRO,ASTRONICS CORP
CODX,CO DIAGNOSTICS INC
PKE,PARK AEROSPACE CORP
TACO,DEL TACO RESTAURANTS INC
TXMD,THERAPEUTICSMD INC
LORL,LORAL SPACE AND COMMUNICATIONS INC
MEIP,MEI PHARMA INC
FNLC,FIRST BANCORP INC
INBK,FIRST INTERNET BANCORP
LTRPA,LIBERTY TRIPADVISOR HOLDINGS INC S
APYX,APYX MEDICAL CORP
CPLG,COREPOINT LODGING INC
AKTS,AKOUSTIS TECHNOLOGIES INC
NBEV,NEWAGE INC
WTTR,SELECT ENERGY SERVICES INC CLASS A
SOI,SOLARIS OILFIELD INFRASTRUCTURE IN
CIVB,CIVISTA BANCSHARES INC
RBB,RBB BANCORP
PDLI,PDL BIOPHARMA INC
SSTI,SHOTSPOTTER INC
XBIT,XBIOTECH INC
VITL,VITAL FARMS INC
WTI,W AND T OFFSHORE INC
TRC,TEJON RANCH
PLSE,PULSE BIOSCIENCES INC
RUSHB,RUSH ENTERPRISES INC CLASS B
BRY,BERRY
BLBD,BLUE BIRD CORP
LUNA,LUNA INNOVATIONS INC
MBIN,MERCHANTS BANCORP
KALV,KALVISTA PHARMACEUTICALS INC
DSKE,DASEKE INC
AKUS,AKOUOS INC
NWPX,NORTHWEST PIPE
UEC,URANIUM ENERGY CORP
BRG,BLUEROCK RESIDENTIAL GROWTH REIT C
CZNC,CITIZENS AND NORTHERN CORP
REVG,REV GROUP INC
MNOV,MEDICINOVA INC
PLRX,PLIANT THERAPEUTICS INC
MOV,MOVADO GROUP INC
BATRA,LIBERTY MEDIA LIBERTY BRAVES CORP
POWL,POWELL INDUSTRIES INC
GSKY,GREENSKY INC CLASS A
RAPT,RAPT THERAPEUTICS INC
AVXL,ANAVEX LIFE SCIENCES CORP
RICK,RCI HOSPITALITY HOLDINGS INC
NDLS,NOODLES CLASS A
MTEM,MOLECULAR TEMPLATES INC
NVEC,NVE CORP
MCBS,METROCITY BANKSHARES INC
NNBR,NN INC
MTRX,MATRIX SERVICE
CSTE,CAESARSTONE LTD
MCB,METROPOLITAN BANK HOLDING CORP
GDYN,GRID DYNAMICS HOLDINGS INC CLASS A
LMNR,LIMONEIRA
FNKO,FUNKO INC CLASS A
SPRO,SPERO THERAPEUTICS INC
TAST,CARROLS RESTAURANT GROUP INC
EBTC,ENTERPRISE BANCORP INC
MGTX,MEIRAGTX HOLDINGS PLC
FDBC,FIDELITY D AND D BANCORP INC
OESX,ORION ENERGY SYSTEMS INC
HRTG,HERITAGE INSURANCE HOLDINGS INC
EGAN,EGAIN CORP
BWB,BRIDGEWATER BANCSHARES INC
GNTY,GUARANTY BANCSHARES INC
RRBI,RED RIVER BANCSHARES INC
INFU,INFUSYSTEM HOLDINGS INC
TMST,TIMKENSTEEL CORP
ANH,ANWORTH MORTGAGE ASSET REIT CORP
CBMG,CELLULAR BIOMEDICINE GROUP INC
HCHC,HC HOLDINGS INC
NCMI,NATIONAL CINEMEDIA INC
MAXN,MAXEON SOLAR TECHNOLOGIES LTD
SENEA,SENECA FOODS CORP CLASS A
SONA,SOUTHERN NATIONAL BANCORP OF VIRGI
VYNE,VYNE THERAPEUTICS INC
EZPW,EZCORP NON VOTING INC CLASS A
ATLO,AMES NATIONAL CORP
SMBC,SOUTHERN MISSOURI BANCORP INC
ZYXI,ZYNEX INC
SFST,SOUTHERN FIRST BANCSHARES INC
VRTV,VERITIV CORP
CECE,CECO ENVIRONMENTAL CORP
RLGT,RADIANT LOGISTIC INC
VOXX,VOXX INTERNATIONAL CORP CLASS A
CRMD,CORMEDIX INC
RGS,REGIS CORP
CMRX,CHIMERIX INC
RUBY,RUBIUS THERAPEUTICS INC
CASA,CASA SYSTEMS INC
CARE,CARTER BANKSHARES TRUST
SMMF,SUMMIT FINANCIAL GROUP INC
SGC,SUPERIOR GROUP OF COMPANIES INC
ACNB,ACNB CORP
RM,REGIONAL MANAGEMENT CORP
LAWS,LAWSON PRODUCTS INC
RVI,RETAIL VALUE INC
SMBK,SMARTFINANCIAL INC
FRGI,FIESTA RESTAURANT GROUP INC
ITI,ITERIS INC
MCBC,MACATAWA BANK CORP
GNSS,GENASYS INC
CHMA,CHIASMA INC
FMAO,FARMERS AND MERCHANTS BANCORP INC
FCAP,FIRST CAPITAL INC
STXB,SPIRIT OF TEXAS BANCSHARES INC
COFS,CHOICEONE FINANCIAL SERVICES INC
TELL,TELLURIAN INC
CDXC,CHROMADEX CORP
NKSH,NATIONAL BANKSHARES INC
NESR,NATIONAL ENERGY SERVICES REUNITED
UFI,UNIFI INC
AJX,GREAT AJAX CORP
MVBF,MONONGAHELA POWER CORP
CNBKA,CENTURY BANCORP INC CLASS A
SIEN,SIENTRA INC
HBCP,HOME BANCORP INC
FPI,FARMLAND PARTNERS INC
IDYA,IDEAYA BIOSCIENCES INC
PCSB,PCSB FINANCIAL CORP
XOMA,XOMA CORP
GORO,GOLD RESOURCE CORP
ITIC,INVESTORS TITLE
AXDX,ACCELERATE DIAGNOSTICS INC
ESCA,ESCALADE INC
LCI,LANNETT COMPANY INC
USLM,UNITED STATES LIME AND MINERALS IN
GLRE,GREENLIGHT CAPITAL LTD CLASS A
SELB,SELECTA BIOSCIENCES INC
CDZI,CADIZ INC
WVE,WAVE LIFE SCIENCES LTD
TCDA,TRICIDA INC
RES,RPC INC
NTST,NETSTREIT CORP
ASPU,ASPEN GROUP INC
TCS,CONTAINER STORE GROUP INC
VYGR,VOYAGER THERAPEUTICS INC
VLGEA,VILLAGE SUPER MARKET INC CLASS A
LE,LAND END INC
MESA,MESA AIR GROUP INC
PFBI,PREMIER FINANCIAL BANCORP INC
RYI,RYERSON HOLDING CORP
GHL,GREENHILL INC
NRIM,NORTHRIM BANCORP INC
XERS,XERIS PHARMACEUTICALS INC
UBX,UNITY BIOTECHNOLOGY INC
IDT,IDT CORP CLASS B
ODT,ODONATE THERAPEUTICS INC
APRE,APREA THERAPEUTICS INC
PWOD,PENNS WOODS BANCORP INC
CSTR,CAPSTAR FINANCIAL HOLDINGS INC
AMC,AMC ENTERTAINMENT HOLDINGS INC CLA
DSSI,DIAMOND S SHIPPING INC
TRNS,TRANSCAT INC
SHBI,SHORE BANCSHARES INC
HURC,HURCO COMPANIES INC
WMC,WESTERN ASSET MORTGAGE CAPITAL REI
CTO,CTO REALTY GROWTH INC
LCNB,LCNB CORP
PLYM,PLYMOUTH INDUSTRIAL REIT INC
AMAL,AMALGAMATED BANK CLASS A
LYTS,LSI INDUSTRIES INC
FCBP,FIRST CHOICE BANCORP
LCUT,LIFETIME BRANDS INC
PLPC,PREFORMED LINE PRODUCTS
ORRF,ORRSTOWN FINANCIAL SERVICES INC
RCKY,ROCKY BRANDS INC
STXS,STEREOTAXIS INC
FSBW,FS BANCORP INC
NR,NEWPARK RESOURCES INC
CONN,CONNS INC
CCB,COASTAL FINANCIAL CORP
IHC,INDEPENDENCE HOLDING
AGRX,AGILE THERAPEUTICS INC
LAKE,LAKELAND INDUSTRIES INC
LBC,LUTHER BURBANK CORP
PCYO,PURE CYCLE CORP
SMSI,SMITH MICRO SOFTWARE INC
CYBE,CYBEROPTICS CORP
CVLG,COVENANT LOGISTICS GROUP INC CLASS
AOUT,AMERICAN OUTDOOR BRANDS INC
FULC,FULCRUM THERAPEUTICS INC
RFL,RAFAEL HOLDINGS INC CLASS B
VTOL,BRISTOW GROUP INC
ASMB,ASSEMBLY BIOSCIENCES INC
ALSK,ALASKA COMMUNICATIONS SYSTEMS GROU
EVC,ENTRAVISION COMMUNICATIONS CORP CL
CABA,CABALETTA BIO INC
SAVA,CASSAVA SCIENCES INC
SPFI,SOUTH PLAINS FINANCIAL INC
KDNY,CHINOOK THERAPEUTICS INC
CVCY,CENTRAL VALLEY COMMUNITY BANCORP
TPCO,TRIBUNE PUBLISHING
ODC,OIL DRI CORPORATION OF AMERICA
DAKT,DAKTRONICS INC
UTI,UNIVERSAL TECHNICAL INSTITUTE INC
TLYS,TILLYS INC CLASS A
CHS,CHICOS FAS INC
CATO,CATO CORP CLASS A
IDN,INTELLICHECK INC
CVLY,CODORUS VALLEY BANCORP INC
SPOK,SPOK HOLDINGS INC
ULH,UNIVERSAL LOGISTICS INC
ISTR,INVESTAR HOLDING CORP
ATOM,ATOMERA INC
NXTC,NEXTCURE INC
BRT,BRT APARTMENTS CORP
NATH,NATHANS FAMOUS INC
PRVL,PREVAIL THERAPEUTICS INC
BOCH,BANK OF COMMERCE HOLDINGS
CMCL,CALEDONIA MINING PLC
CWCO,CONSOLIDATED WATER LTD
GRIF,GRIFFIN INDUSTRIAL REALTY INC
CEIX,CONSOL ENERGY INC
GTYH,GTY TECHNOLOGY HOLDINGS INC
TSBK,TIMBERLAND BANCORP INC
PKBK,PARKE BANCORP INC
INZY,INOZYME PHARMA INC
RDVT,RED VIOLET INC
RMBI,RICHMOND MUTUAL BANCORPORATION INC
IPI,INTREPID POTASH INC
DZSI,DZS INC
PWFL,POWERFLEET INC
KODK,EASTMAN KODAK
CNTY,CENTURY CASINOS INC
GWRS,GLOBAL WATER RESOURCES INC
TBNK,TERRITORIAL BANCORP INC
RGCO,RGC RESOURCES INC
MCF,CONTANGO OIL AND GAS
CSPR,CASPER SLEEP INC
NODK,NI HOLDINGS INC
HMTV,HEMISPHERE MEDIA GROUP INC CLASS A
AT,ATLANTIC POWER CORP
DGICA,DONEGAL GROUP INC CLASS A
KVHI,KVH INDUSTRIES INC
MPB,MID PENN BANCORP INC
TNAV,TELENAV INC
EVI,EVI INDUSTRIES INC
FENC,FENNEC PHARMACEUTICALS INC
FRBA,FIRST BANK
FLNT,FLUENT INC
EVFM,EVOFEM BIOSCIENCES INC
ETNB,89BIO INC
OPTN,OPTINOSE INC
SFE,SAFEGUARD SCIENTIFICS INC
HBT,HBT FINANCIAL INC
PICO,PICO HOLDINGS INC
WNEB,WESTERN NEW ENGLAND BANCORP INC
ARA,AMERICAN RENAL ASSOCIATES HOLDINGS
AAOI,APPLIED OPTOELECTRONICS INC
IIN,INTRICON CORP
NBN,NORTHEAST BANK
RVP,RETRACTABLE TECHNOLOGIES INC
ESSA,ESSA BANCORP INC
BCBP,BCB BANCORP INC
MSON,MISONIX INC
FVCB,FVCBANKCORP INC
BWFG,BANKWELL FINANCIAL GROUP INC
SRGA,SURGALIGN HOLDINGS INC
GPX,GP STRATEGIES CORP
PVAC,PENN VA CORP
KIN,KINDRED BIOSCIENCES INC
FCCY,1ST CONSTITUTION BANCORP
ALTG,ALTA EQUIPMENT GROUP INC CLASS A
PAYS,PAYSIGN INC
NWFL,NORWOOD FINANCIAL CORP
HBMD,HOWARD BANCORP INC
CHMI,CHERRY HILL MORTGAGE INVESTMENT RE
CURO,CURO GROUP HOLDINGS CORP
FBIO,FORTRESS BIOTECH INC
BCML,BAYCOM CORP
USX,U S XPRESS ENTERPRISES INC CLASS A
VRA,VERA BRADLEY INC
FBIZ,FIRST BUSINESS FINANCIAL SERVICES
MIRM,MIRUM PHARMACEUTICALS INC
SLCT,SELECT BANCORP INC
AGS,PLAYAGS INC
APT,ALPHA PRO TECH LTD
QMCO,QUANTUM CORP
FSTR,LB FOSTER
TREC,TRECORA RESOURCES
ESXB,COMMUNITY BANKERS CORP TRUST
PCB,PCB BANCORP
HBIO,HARVARD BIOSCIENCE INC
UNTY,UNITY BANCORP INC
HWBK,HAWTHORN BANCSHARES INC
VRCA,VERRICA PHARMACEUTICALS INC
BVH,BLUEGREEN VACATIONS HOLDING CORP C
ONEW,ONEWATER MARINE CLASS A INC
PIRS,PIERIS PHARMACEUTICALS INC
EVBN,EVANS BANCORP INC
TIPT,TIPTREE INC
CASI,CASI PHARMACEUTICALS INC
TIG,TREAN INSURANCE GROUP INC
KZR,KEZAR LIFE SCIENCES INC
BYSI,BEYONDSPRING INC
CRD-A,CRAWFORD CLASS A
MGTA,MAGENTA THERAPEUTICS INC
IMMR,IMMERSION CORP
SCOR,COMSCORE INC
SALT,SCORPIO BULKERS INC
FNWB,FIRST NORTHWEST BAN
BELFB,BEL FUSE INC CLASS B
PFHD,PROFESSIONAL HOLDING CORP CLASS A
PROS,PROSIGHT GLOBAL INC
AQST,AQUESTIVE THERAPEUTICS INC
SLDB,SOLID BIOSCIENCES INC
BH,BIGLARI HOLDINGS INCINARY CLASS B
EGLE,EAGLE BULK SHIPPING INC
STRS,STRATUS PROPERTIES INC
CMCT,CIM COMMERICAL TRUST CORP
KRMD,REPRO MED SYSTEM INC
ALCO,ALICO INC
OVLY,OAK VALLEY BANCORP
ZEUS,OLYMPIC STEEL INC
SAMG,SILVERCREST ASSET MANAGEMENT GROUP
GHM,GRAHAM CORP
PSTX,POSEIDA THERAPEUTICS
AMRK,A MARK PRECIOUS METALS INC
MRLN,MARLIN BUSINESS SERVICES CORP
IRMD,IRADIMED CORP
MFNC,MACKINAC FINANCIAL CORP
BTU,PEABODY ENERGY CORP
FRAF,FRANKLIN FINANCIAL SERVICES CORP
CMBM,CAMBIUM NETWORKS CORP
HOOK,HOOKIPA PHARMA INC
FRBK,REPUBLIC FIRST BANCORP INC
OCX,ONCOCYTE CORP
PTVCB,PROTECTIVE INSURANCE CORP CLASS B
BPRN,THE BANK OF PRINCETON
GNK,GENCO SHIPPING AND TRADING LTD
FLMN,FALCON MINERALS CORP CLASS A
BCLI,BRAINSTORM CELL THERAPEUTICS INC
NBSE,NEUBASE THERAPEUTICS INC
CEMI,CHEMBIO DIAGNOSTICS INC
HARP,HARPOON THERAPEUTICS INC
RVSB,RIVERVIEW BANCORP INC
ACTG,ACACIA RESEARCH CORP
FVE,FIVE STAR SENIOR LIVING INC
CBIO,CATALYST BIOSCIENCES INC
PZN,PZENA INVESTMENT MANAGEMENT INC CL
EVLO,EVELO BIOSCIENCES INC
GTT,GTT COMMUNICATIONS INC
NGVC,NATURAL GROCERS BY VITAMIN COTTAGE
LFVN,LIFEVANTAGE CORP
GLYC,GLYCOMIMETICS INC
GAIA,GAIA INC CLASS A
IVAC,INTEVAC INC
LXRX,LEXICON PHARMACEUTICALS INC
ESQ,ESQUIRE FINANCIAL HOLDINGS INC
UBFO,UNITED SECURITY BANCSHARES
TALO,TALOS ENERGY INC
ADMA,ADMA BIOLOGICS INC
SRT,STARTEK INC
OSG,OVERSEAS SHIPHOLDING GROUP INC CLA
AAIC,ARLINGTON ASSET INVESTMENT CLASS A
LIVX,LIVEXLIVE MEDIA INC
GENC,GENCOR INDUSTRIES INC
CHMG,CHEMUNG FINANCIAL CORP
XONE,EXONE
EEX,EMERALD HOLDING INC
IMRA,IMARA INC
ETON,ETON PHARMACEUTCIALS INC
CFRX,CONTRAFECT CORP
TCFC,COMMUNITY FINANCIAL
BGSF,BG STAFFING INC
BFIN,BANKFINANCIAL CORP
DYAI,DYADIC INTERNATIONAL INC
GAN,GAN LTD
EML,EASTERN
FTHM,FATHOM HOLDINGS INC
WEYS,WEYCO GROUP INC
HROW,HARROW HEALTH INC
SREV,SERVICESOURCE INTERNATIONAL INC
CRK,COMSTOCK RESOURCES INC
EXTN,EXTERRAN CORP
SCWX,SECUREWORKS CLASS A CORP
PBIP,PRUDENTIAL BANCORP INC
QUAD,QUAD GRAPHICS INC CLASS A
HBB,HAMILTON BEACH BRANDS HOLDING COMP
SBFG,SB FINANCIAL GROUP INC
SNCR,SYNCHRONOSS TECHNOLOGIES INC
WHG,WESTWOOD HOLDINGS GROUP INC
FNCB,FNCB BANCORP INC
PBFS,PIONEER BANCORP INC
ASC,ARDMORE SHIPPING CORP
LEGH,LEGACY HOUSING CORP
PEBK,PEOPLES BANCORP OF NORTH CAROLINA
MBCN,MIDDLEFIELD BANC CORP
CFFI,C AND F FINANCIAL CORP
GFN,GENERAL FINANCE CORP
SMED,SHARPS COMPLIANCE CORP
MNSB,MAINSTREET BANCSHARES INC
OYST,OYSTER POINT PHARMA INC
CORR,CORENERGY INFRASTRUCTURE TRUST REI
GNE,GENIE ENERGY LTD CLASS B
FSFG,FIRST SAVINGS FINANCIAL GROUP INC
PCTI,PCTEL INC
BSGM,BIOSIG TECHNOLOGIES INC
WLFC,WILLIS LEASE FINANCE CORP
STND,STANDARD FINANCIAL CORP
CALB,CALIFORNIA BANCORP
MEC,MAYVILLE ENGINEERING COMPANY INC
SPKE,SPARK ENERGY INC CLASS A
AGTC,APPLIED GENETIC TECHNOLOGIES CORP
DLTH,DULUTH HOLDINGS INC CLASS B
MPX,MARINE PRODUCTS CORP
EARN,ELLINGTON RESIDENTIAL MORTGAGE REI
ENZ,ENZO BIOCHEM INC
RESN,RESONANT INC
III,INFORMATION SERVICES GROUP INC
GSIT,GSI TECHNOLOGY INC
ACRX,ACELRX PHARMACEUTICALS INC
JNCE,JOUNCE THERAPEUTICS INC
GALT,GALECTIN THERAPEUTICS INC
CKPT,CHECKPOINT THERAPEUTICS INC
CBAN,COLONY BANKCORP INC
KLDO,KALEIDO BIOSCIENCES INC
AVEO,AVEO PHARMACEUTICALS INC
CRBP,CORBUS PHARMACEUTICALS HOLDINGS IN
FONR,FONAR CORP
PLBC,PLUMAS BANCORP
DHX,DHI GROUP INC
CLPR,CLIPPER REALTY INC
PINE,ALPINE INCOME PROPERTY TRUST INC
OVID,OVID THERAPEUTICS INC
SGA,SAGA COMMUNICATIONS INC CLASS A
BBCP,CONCRETE PUMPING HOLDINGS INC
SBBP,STRONGBRIDGE BIOPHARMA
PAND,PANDION THERAPEUTICS HOLDCO INC
SLNO,SOLENO THERAPEUTICS INC
LEVL,LEVEL ONE BANCORP INC
CBNK,CAPITAL BANCORP INC
FUNC,FIRST UNITED CORP
OPBK,OP BANCORP
NATR,NATURES SUNSHINE PRODUCTS INC
MMAC,MMA CAPITAL HOLDINGS INC
IBEX,IBEX LTD
EPM,EVOLUTION PETROLEUM CORP
FCCO,FIRST COMMUNITY CORP
OVBC,OHIO VALLEY BANC CORP
GNPX,GENPREX INC
AUBN,AUBURN NATIONAL BANCORPORATION INC
IMUX,IMMUNIC INC
MG,MISTRAS GROUP INC
PVBC,PROVIDENT BANCORP INC
MRBK,MERIDIAN CORP
PTSI,PAM TRANSPORTATION SERVICES INC
SAL,SALISBURY BANCORP INC
LJPC,LA JOLLA PHARMACEUTICAL
GCBC,GREENE COUNTY BANCORP INC
PDLB,PDL COMMUNITY BANCORP
NH,NANTHEALTH INC
XFOR,X4 PHARMACEUTICALS INC
XCUR,EXICURE INC
ABEO,ABEONA THERAPEUTICS INC
REV,REVLON INC CLASS A
DMTK,DERMTECH INC
NC,NACCO INDUSTRIES INC CLASS A
UIHC,UNITED INSURANCE HOLDINGS CORP
LOGC,LOGICBIO THERAPEUTICS INC
EOLS,EVOLUS INC
MYFW,FIRST WESTERN FINANCIAL INC
ORGO,ORGANOGENESIS HOLDINGS INC CLASS A
GRTS,GRITSTONE ONCOLOGY INC
ADES,ADVANCED EMISSIONS SOLUTIONS INC
GDP,GOODRICH PETE CORP
ICBK,COUNTY BANCORP INC
EBMT,EAGLE BANCORP MONTANA INC
TYME,TYME TECHNOLOGIES INC
PXLW,PIXELWORKS INC
NERV,MINERVA NEUROSCIENCES INC
ATLC,ATLANTICUS HOLDINGS CORP
TELA,TELA BIO INC
CIZN,CITIZENS HOLDING
CNTG,CENTOGENE NV
FGBI,FIRST GUARANTY BANCSHARES INC
PROV,PROVIDENT FINANCIAL HOLDINGS INC
GRTX,GALERA THERAPEUTICS INC
GBL,GAMCO INVESTORS INC CLASS A
VNRX,VOLITIONRX LTD
CBFV,CB FINANCIAL SERVICES INC
PFSW,PFSWEB INC
RMNI,RIMINI STREET INC
APTX,APTINYX INC
RMTI,ROCKWELL MEDICAL INC
CERC,CERECOR INC
ORGS,ORGENESIS INC
ESTE,EARTHSTONE ENERGY INC CLASS A
EXPR,EXPRESS INC
LQDA,LIQUIDIA CORP
CMPI,CHECKMATE PHARMACEUTICALS INC
MBIO,MUSTANG BIO INC
ARAV,ARAVIVE INC
AXLA,AXCELLA HEALTH INC
CYCN,CYCLERION THERAPEUTICS INC
IBIO,IBIO INC
ELOX,ELOXX PHARMACEUTICALS INC
MLP,MAUI LAND AND PINEAPPLE INC
NYMX,NYMOX PHARMACEUTICAL CORP
PHAS,PHASEBIO PHARMACEUTICALS INC
NSCO,NESCO HOLDINGS INC CLASS A
OSMT,OSMOTICA PHARMACEUTICALS PLC
LNSR,LENSAR INC
WRAP,WRAP TECHNOLOGIES INC
MHH,MASTECH DIGITAL INC
SBT,STERLING BANCORP INC
LARK,LANDMARK BANCORP INC
REFR,RESEARCH FRONT INC
MLSS,MILESTONE SCIENTIFIC INC
CSBR,CHAMPIONS ONCOLOGY INC
NEXT,NEXTDECADE CORP
LMST,LIMESTONE BANCORP INC
XAIR,BEYOND AIR INC
MBII,MARRONE BIO INNOVATIONS INC
ASUR,ASURE SOFTWARE INC
ELMD,ELECTROMED INC
AC,ASSOCIATED CAPITAL GROUP INC CLASS
AGFS,AGROFRESH SOLUTIONS INC
CDTX,CIDARA THERAPEUTICS INC
XGN,EXAGEN INC
FNHC,FEDNAT HOLDING COMPANY
FARM,FARMER BROTHERS
PAVM,PAVMED INC
ASPS,ALTISOURCE PORTFOLIO SOLUTIONS SA
SNFCA,SECURITY NATIONAL FINANCIAL CORP C
REPH,RECRO PHARMA INC
KRUS,KURA SUSHI USA INC
TH,TARGET HOSPITALITY CORP
SB,SAFE BULKERS INC
BSBK,BOGOTA FINANCIAL CORP
SVRA,SAVARA INC
WLL,WHITING PETROLEUM CORP
GNLN,GREENLANE HOLDINGS INC CLASS A
AE,ADAMS RESOURCES AND ENERGY INC
SOLY,SOLITON INC
BSVN,BANK7 CORP
CTO,CTO REALTY GROWTH INC CASH ACCRUAL
BXG,BLUEGREEN CORP
CLXT,CALYXT INC
STSA,SATSUMA PHARMACEUTICALS INC
PTRS,PARTNERS BANCORP
PCYG,PARK CITY GROUP INC
MRKR,MARKER THERAPEUTICS INC
BH-A,BIGLARI HOLDINGS INC CLASS A
NL,NL INDUSTRIES INC
ULBI,ULTRALIFE CORP
SWKH,SWK HOLDINGS CORP
ENOB,ENOCHIAN BIOSCIENCES INC
LYRA,LYRA THERAPEUTICS INC
CATB,CATABASIS PHARMACEUTICALS INC
PRTH,PRIORITY TECHNOLOGY HOLDINGS INC
TARA,PROTARA THERAPEUTICS INC
VERO,VENUS CONCEPT INC
VALU,VALUE LINE INC
BRID,BRIDGFORD FOODS CORP
ELA,ENVELA CORP
KERN,AKERNA CORP
PANL,PANGAEA LOGISTICS SOLUTIONS LTD
SIEB,SIEBERT FINANCIAL CORP
SCPH,SCPHARMACEUTICALS INC
TCI,TRANSCONTINENTAL REALTY INVESTORS
PNRG,PRIMEENERGY RESOURCES CORP
NMRD,NEMAURA MEDICAL INC
AVCO,AVALON GLOBOCARE CORP
CWBR,COHBAR INC
GWGH,GWG HOLDINGS INC
CIX,COMPX INTERNATIONAL INC
VTVT,VTV THERAPEUTICS INC CLASS A
BLPH,BELLEROPHON THERAPEUTICS INC
VERY,VERICITY INC
ARL,AMERICAN REALTY INVESTORS INC
ATXI,AVENUE THERAPEUTICS INC
OFED,OCONEE FEDERAL FINANCIAL CORP
SEAC,SEACHANGE INTERNATIONAL INC
NRBO,NEUROBO PHARMACEUTICALS INC
RVI,Retail Value Inc Cash Accrual
PROG,PROGENITY INC
AYTU,AYTU BIOSCIENCE INC
WLLAW,WHITING PETROLEUM EQUITY WARRANTS
WLLBW,WHITING PETROLEUM EQUITY WARRANTS
